{"cameraMode":{"drawMode":0,"name":"Shaded","section":"Shading Mode"},"sceneLighting":false,"audioPlay":false,"sceneViewState":{"m_AlwaysRefresh":false,"showFog":true,"showSkybox":false,"showFlares":true,"showImageEffects":true,"showParticleSystems":true,"showVisualEffectGraphs":true,"m_FxEnabled":true},"in2DMode":false,"pivot":{"x":2.4194869995117189,"y":1.6192243099212647,"z":0.24941617250442506},"rotation":{"x":0.30617842078208926,"y":0.23274508118629456,"z":-0.07745994627475739,"w":0.9198789596557617},"size":0.6293333172798157,"orthographic":false}