{"cameraMode":{"drawMode":0,"name":"Shaded","section":"Shading Mode"},"sceneLighting":false,"audioPlay":false,"sceneViewState":{"m_AlwaysRefresh":false,"showFog":true,"showSkybox":false,"showFlares":true,"showImageEffects":true,"showParticleSystems":true,"showVisualEffectGraphs":true,"m_FxEnabled":true},"in2DMode":false,"pivot":{"x":-0.2680281400680542,"y":0.45552486181259158,"z":-0.36485326290130618},"rotation":{"x":0.10082849115133286,"y":-0.11554627120494843,"z":-0.011802343651652336,"w":-0.9881322383880615},"size":0.9372588992118836,"orthographic":false}