{"cameraMode":{"drawMode":0,"name":"Shaded","section":"Shading Mode"},"sceneLighting":false,"audioPlay":false,"sceneViewState":{"m_AlwaysRefresh":false,"showFog":true,"showSkybox":false,"showFlares":true,"showImageEffects":true,"showParticleSystems":true,"showVisualEffectGraphs":true,"m_FxEnabled":true},"in2DMode":false,"pivot":{"x":-0.2680281400680542,"y":0.45552486181259158,"z":-0.36485326290130618},"rotation":{"x":-0.35624346137046816,"y":-0.4452241361141205,"z":0.19899961352348329,"w":-0.7970725893974304},"size":0.9372588992118836,"orthographic":false}