{"cameraMode":{"drawMode":0,"name":"Shaded","section":"Shading Mode"},"sceneLighting":false,"audioPlay":false,"sceneViewState":{"m_AlwaysRefresh":false,"showFog":true,"showSkybox":false,"showFlares":true,"showImageEffects":true,"showParticleSystems":true,"showVisualEffectGraphs":true,"m_FxEnabled":true},"in2DMode":false,"pivot":{"x":-0.2680281400680542,"y":0.45552486181259158,"z":-0.36485326290130618},"rotation":{"x":-0.11574498564004898,"y":-0.39171892404556277,"z":0.0497383177280426,"w":-0.911453127861023},"size":1.5372588634490967,"orthographic":false}