{"cameraMode":{"drawMode":0,"name":"Shaded","section":"Shading Mode"},"sceneLighting":false,"audioPlay":false,"sceneViewState":{"m_AlwaysRefresh":false,"showFog":true,"showSkybox":false,"showFlares":true,"showImageEffects":true,"showParticleSystems":true,"showVisualEffectGraphs":true,"m_FxEnabled":true},"in2DMode":false,"pivot":{"x":-0.08692492544651032,"y":-0.0799662172794342,"z":0.027548745274543763},"rotation":{"x":-0.22005660831928254,"y":-0.37008458375930788,"z":0.09068594872951508,"w":-0.898016631603241},"size":1.0810250043869019,"orthographic":false}